<?xml version="1.0" ?><addon id="repository.merlink.kodi-addons" name="Merlinks Unofficial Add-on Repository" provider-name="merlink" version="0.0.3">
    <extension name="Merlinks Unofficial Add-on Repository" point="xbmc.addon.repository">
        <info compressed="false">https://github.com/jeffreykira/repo-ktv/raw/master/addons.xml</info>
<!--
        <checksum>link</checksum>
-->
        <datadir zip="true">https://github.com/jeffreykira/repo-ktv/raw/master/releases</datadir>
<!--
        <hashes>true</hashes>
-->
    </extension>
    <extension point="xbmc.addon.metadata">
        <summary>Kodi Addons from Merlink</summary>
        <description>Unofficial Addons from Merlink</description>
        <platform>all</platform>
    </extension>
</addon>
