<?xml version="1.0" encoding="UTF-8" standalone="yes"?>
<addon id="script.module.youtube.dl" name="youtube-dl Control" version="16.521.0" provider-name="Rick Phillips (ruuk)">
    <requires>
        <import addon="xbmc.python" version="2.1.0" />
        <import addon="script.module.addon.signals" version="0.0.1"/>
    </requires>
    <extension point="xbmc.python.script" library="control.py">
        <provides>executable</provides>
    </extension>
    <extension point="xbmc.python.module" library="lib" />
    <extension point="xbmc.addon.metadata">
        <platform>all</platform>
        <summary lang="en">Module providing access to youtube-dl video stream extraction</summary>
        <description lang="en">Module providing access to youtube-dl video stream extraction for hundreds of sites. Version is based on youtube-dl date version: YY.MDD.V where V is the addon specific sub-version. Also provides downloading with the option for background downloading with a queue and queue manager.</description>
    </extension>
    <extension point="xbmc.addon.repository"
        name="xbmc-repo-ktv addon repository">
        <info>https://raw.githubusercontent.com/jeffreykira/repo-ktv/master/addons.xml</info>
        <checksum>https://raw.githubusercontent.com/jeffreykira/repo-ktv/master/addons.xml.md5</checksum>
        <datadir zip="true">https://github.com/jeffreykira/repo-ktv/raw/master/youtube-dl</datadir>
    </extension>
</addon>
